{"fluctuation":1.823281907433354,"performance":89.74358974358975}